{"timestamp": 1571643691111, "details": [{"x1": 42, "type_id": "1", "score": 0.5679192543029785, "y1": 498, "x2": 67, "y2": 523}, {"x1": 1361, "type_id": "5", "score": 0.9677990078926086, "y1": 46, "x2": 1476, "y2": 183}], "location": [6.0804355, 46.1744268]}